,Subreddit,"""Top"" % of correct words","""Hot"" % of correct words"
0,nfl,0.8194054471896741,0.8243329180859127
1,nba,0.8298333966806031,0.8256002247839043
2,soccer,0.8199473893319276,0.8326997824006501
3,baseball,0.8164715285898252,0.82808926433806
4,hockey,0.8174434822698834,0.8183182557218494
5,mma,0.8195916628359363,0.8315212325110378
6,sports,0.8236371640889613,0.8379054033243329
