,Subreddit,"""Top"" Average Words","""Hot"" Average Words"
0,nfl,17.829720514080893,18.435482093799823
1,nba,19.174408975013552,23.852476176331315
2,soccer,16.8165895037668,16.88584510481944
3,baseball,18.46096045446406,22.26768796509962
4,hockey,17.45128616703043,22.985352454150327
5,mma,18.913370447753348,22.67886391985746
6,sports,19.053612663823777,36.910110023647704
